year,CHR,HRC
1947,4,0
1948,1,0
1950,1,0
1952,1,0
1954,3,0
1955,2,0
1958,1,0
1964,1,0
1966,2,0
1967,4,0
1968,3,0
1969,3,0
1970,1,0
1971,5,0
1972,1,0
1974,3,0
1975,3,0
1976,4,0
1977,7,0
1978,4,0
1979,7,0
1980,11,0
1981,12,0
1982,23,0
1983,26,0
1984,20,0
1985,23,0
1986,27,0
1987,33,0
1988,24,0
1989,22,0
1990,14,0
1991,12,0
1992,14,0
1993,16,0
1994,20,0
1995,19,0
1996,11,0
1997,16,0
1998,19,0
1999,26,0
2000,24,0
2001,33,0
2002,38,0
2003,35,0
2004,46,0
2005,42,0
2006,0,14
2007,0,11
2008,0,18
2009,0,25
2010,0,19
2011,0,31
2012,0,27
2013,0,29
2014,0,33
2015,0,32
2016,0,32
2017,0,37
2018,0,33
2019,0,35
2020,0,32
2021,0,40
2022,0,35
2023,0,36
2024,0,25
2025,0,26
2026,0,11
